current_position,current_company,years_of_experience,total_skills,education_degree,education_institution,certifications,city,state,country,profile_type
Data Engineer,Genpact,2.7,"Google Cloud Platform (GCP), Talend Open Studio, Amazon Web Services (AWS), SQL, Python (Programming Language), C++, C (Programming Language), HTML5, Engineering, Data Structures, Core Java, Cascading Style Sheets (CSS), Problem Solving",Bachelor of Technology - BTech,Graphic Era Deemed to be University,"AWS Certified Data Engineer – Associate, Associate Cloud Engineer Certification, Amazon Web Services Cloud Practitioner",Bengaluru,Karnataka,India,data_engineers
Data Science Intern,ExcelR,0.7,"Power BI, Artificial Intelligence (AI), Generative AI, Computer Ethics, Data Science, Machine Learning, Data Analysis, Exploratory Data Analysis, Data Cleaning, Missing Data, Data Mining, Deployment , Model Building, C training , Amazon Web Services (AWS), SQL, Python (Programming Language), Database Management System (DBMS), C (Programming Language), C++, Databases, Microsoft PowerPoint, Data, LaTeX, Bootstrap (Framework), Soft Skills, Computer Hardware, Presentation Skills, Teamwork, Leadership Development, Team Leadership, Leadership, Organizational Development, Respect, Project Management, Creativity and Innovation, Communication, Employee Loyalty, Customer Satisfaction, Customer Relationship Management (CRM), Adaptability , Film Direction, Presentations, Strategy, Ideas Development, Problem Solving, Discipline , Research Skills, Engineering, English, Marketing, Training, Housekeeping",Data Science ,ExcelR,"Python Essentials 1, Training on Data Science , Career Edge - Young Professional , Career Essentials in Generative AI by
Microsoft and LinkedIn, Python for Data Science , Data Science, C Training",Bengaluru,Karnataka,India,data_engineers
Data Engineer,Indium Software,3.1,"C (Programming Language), Computer Hardware, Azure Databricks, Databrick, Machine Learning, MLflow, Microsoft Azure, Azure SQL, Python (Programming Language), SQL, Java, JavaScript, MySQL, Testing, Web Development, Networking",Bachelor of Technology - BTech,Amrita Vishwa Vidyapeetham,Confluent Apache Kafka Fundamentals Accreditation,Bengaluru,Karnataka,India,data_engineers
Data Engineer,FirstMeridian Global Services Private Limited,5.8,"Hive, Azure Key Vault, Msfabric, Azure synapse, Data Warehousing, Data Processing, Data Pipelines, Data Modeling, SQL, Azure Data Factory, Azure Databricks, Azure Data Lake, Python (Programming Language), Azure Logic Apps",,,"Amazon Data engineer associate, Microsoft Certified: Azure Data Fundamentals, Microsoft Certified: Azure Data Engineer Associate",Bengaluru,Karnataka,India,data_engineers
Data Engineer,Mphasis,2.2,"Microsoft Azure, Azure Databricks, Computer Science Education, Programming Languages, System Requirements, Record Keeping, PostgreSQL, Data Reporting, MySQL, Data Transformation, AWS Glue, Data Pipelines, Agile Software Development, Amazon Redshift, Amazon EC2, Amazon Aurora, Data Visualization, AWS Cloud Migration, Data Migration, Data Modeling, Data Analytics, Rapid Prototyping, Bitbucket, DBeaver, Data Engineering, Account Management, Agile Methodologies, AWS Lambda, Problem Solving, Data Monitoring, Cross-functional Collaborations, Data Integration, PySpark, Data Warehousing, Amazon Web Services (AWS), Extract, Transform, Load (ETL), Microsoft Excel, SQL, Python (Programming Language), Big Data Analytics, Tableau, Java, Spring Boot, React.js, Data Analysis, Product Management, Microsoft Power BI, ",Master of Technology - MTech,BGS Institute of Technology - India,,Bengaluru,Karnataka,India,data_engineers
Data Engineer,Accenture,1.9,"Azure Databricks, Snowflake Cloud, Reltio Cloud MDM, Python (Programming Language), SQL, Talend, Data Build Tool (DBT), Microsoft Excel, Java, Spring Boot, REST APIs, HTML, Cascading Style Sheets (CSS), JavaScript, Computer Networking, Operating Systems, Red Hat Linux, Data Analysis, Predictive Analytics, Hadoop, C++, Problem Solving, Communication, Presentations",B.Tech Honors,Lovely Professional University,"Data Structure & Algorithms, Flipkart Grid 4.0, IBM Machine Learning, Intro to Data Science, Java FullStack ",Bengaluru,Karnataka,India,data_engineers
Data Engineer,Koantek,4.3,"Databricks Rest API , ADLS Gen2 , Visual Studio, Jenkins, Databricks unity catalog , Azure devops , CICD , ELT , Apache Spark, PySpark, Azure Data Factory, Databricks , SQL, RDBMS, Unit test, ETL Tools, Apache Kafka, Python (Programming Language), Django, HTML, MATLAB, Spyder IDE, Jupyter notebook, GitHub, MySQL, TCL, Google collab, Jira, Perforce, Confluence, MongoDB, Linux, Elasticsearch, Kibana, Amazon S3, Postman API, DBeaver, Gitlab",Bachelor of Engineering - BE,Sai Vidya Institute of Technology,"Databricks Certified Data Engineer Professional, AWS Certified Cloud Practitioner , Databricks Generative AI Fundamentals , Databricks Lakehouse Fundamentals , Introduction to Artificial Intelligence (AI), IoT (Internet of Things) Wireless & Cloud Computing Emerging Technologies, Machine Learning for All, Programming for Everybody(Getting started with python), Databricks Certified Data Engineer Associate ",Bengaluru,Karnataka,India,data_engineers
Engineer III,American Express,5.2,"HTML, Azure DevOps Server, Microsoft Azure Machine Learning, Azure Cosmos DB, Azure Data Lake, Azure Functions, azure, Machine Learning Algorithms, Applied Machine Learning, Supervised Learning, Microsoft Machine Learning Server, Automated Machine Learning (AutoML), Statistical Learning, MLOps, Data Modeling, SQL Server Integration Services (SSIS), SQL Server Management Studio, SQL Tuning, Statistical Analysis, PL/SQL, Azure DevOps, SQL Azure, Microsoft Azure, Azure Databricks, Azure Data Factory, Amazon Web Services (AWS), AWS Lambda, AWS CloudFormation, AWS Command Line Interface (CLI), AWS IoT, AWS Glue, AWS SageMaker, Aws, AWS Identity and Access Management (AWS IAM), C (Programming Language), Data Science, Java, Core Java, Arduino, Database Management System (DBMS), SQL, Python (Programming Language), Cloud Computing",Master's degree,"Christ University, Bangalore","AWS Certified Solutions Architect – Professional, Microsoft Certified: Azure Administrator Associate, Microsoft Certified: Azure Solutions Architect Expert, AZ-305: Designing Microsoft Azure Infrastructure Solutions, Microsoft Certified: Azure Data Engineer Associate",Bengaluru,Karnataka,India,data_engineers
Senior Data Engineer,Maersk Global Service Centres,18.5,"Databases, Stored Procedures, DDL, Oracle SQL Developer, PL/SQL, SQL Loader, Python, UNIX Shell, Machine Learning, Dat Science, Exploratory Data Analysis, Data Visualization, Statistical Data Analysis, Data Analytics, Query Tuning, Pandas, NumPy, Matplotlib, Seaborn, PyPlot, SciPy, Scikit-Learn, Linear Regression, Logistic Regression, Supervised Learning, Unsupervised Learning, Cluster Analysis, Decision Trees, Random Forest, Time Series Analysis, Tree Models, K-Nearest Neighbors (KNN), Probability, Hypothesis Testing, Inferential Statistics",B. Tech.,Siliguri Institute of Technology,"Post Graduate Certification in Data Science, Oracle Advance PL/SQL Developer Certified Professional",Bengaluru,Karnataka,India,data_engineers
SDE III ,Walmart Global Tech India,8.2,"Apache Spark, SQL, ETL, Scala, Python, Hive, Shell Scripting, Databricks, Microsoft Azure, Informatica, Linux, SSMS, AWS, IICS, Data Analytics, Oracle, Informatica Cloud, Informatica PowerCenter, MongoDB, NoSQL, Data Visualization, Tableau, Apache Kafka, Unix, Azure Databricks, PySpark, Object-Oriented Programming (OOP), Docker",Bachelor’s Degree,C. V. Raman College of Engineering,"Containerization Using Docker, Microsoft Certified: Azure Fundamentals, Microsoft Certified: Azure Data Fundamentals, SQL (Intermediate), Apache Spark Programming with Databricks, Tableau Essential Training (2020.1), Problem Solving (Basic), Microsoft Certified: Azure Data Engineer Associate, Infosys Certified Python Programmer",Bengaluru,Karnataka,India,data_engineers
Data Engineer III ,Walmart Global Tech India,7.0,"Apache Airflow, Azure Databricks , Azure Data Factory, Google big query, Google cloud storage, JSON, Avro, Interpersonal Skills, Presentations, Communication, Strategic Thinking, Computer Science, Analytics, Apache Spark, HiveQL, Data Warehousing, Informatica PowerCenter, Hadoop, Azure Data Lake, Hive, HDFS, Query Writing, Pandas (Software), Flask, FastAPI, MySQL, Cloud Storage, PySpark, Distributed Storage, Snowflake, Microsoft SQL Server, python, Data Structures, C (Programming Language), Git, Linux, Python (Programming Language), IOT",Bachelor of Technology,"Shri Ramswaroop Memorial Group of Professional Colleges, Lucknow","Distributed Storage and Processing Fundamentals , Data Science, Python for Data Science
, Internet of things 
",Bengaluru,Karnataka,India,data_engineers
Data Engineer,Skoruz Technologies,18.8,"Embedded Systems, Testing, GSM, Mobile Devices, Mobile Communications, Debugging, Wireless, Wireless Technologies, C, Embedded Software, RTOS, Real-Time Operating Systems (RTOS), 3GPP",Bachelor of Engineering (B.E.),Visvesvaraya Technological University,,Bengaluru,Karnataka,India,data_engineers
Data Engineer,Atlassian,6.0,"Automation, Query Tuning, Database Queries, Amazon Elastic MapReduce (EMR), Amazon Web Services (AWS), Docker Products, Amazon Redshift, Continuous Integration and Continuous Delivery (CI/CD), Data-driven Decision Making, Data Manipulation, Google Cloud Platform (GCP), Apache Airflow, Data Engineering, Hadoop, Kafka Streams, Scala, Applied Machine Learning, Python (Programming Language), SQL, Data Analysis, Statistics, Data Visualization, R programming, Jupyter, TensorFlow, Leadership, Machine Learning Algorithms, Convolutional Neural Networks (CNN), Keras, Data Analytics, Machine Learning, Tableau, Problem Solving, MySQL, Natural Language Processing (NLP), Deep Learning, Neural Networks, Pandas (Software), Business Analysis, customer analytics, Data Build Tool (DBT)",Post Graduation program in Data Science Engineering,Great Lakes Institute of Management,"Data Engineering with dbt, Introduction to Scala, Google Cloud Platform Big Data and Machine Learning Fundamentals, Supervised Learning with scikit-learn, NLP with Python for Machine Learning Essential Training, POST GRADUATE PROGRAM IN DATA SCIENCE AND ENGINEERING, Applied Machine Learning: Algorithms, Applied Machine Learning: Foundations, Intro to SQL for Data Science Course, Introduction to Python Course for Data Science, Intermediate Python for Data Science",Bengaluru,Karnataka,India,data_engineers
Data Engineer,Booking Holdings (NASDAQ: BKNG),4.5,"Data Modeling, Gitlab, Cloudera, Data Architecture, SQL, Data Build Tool (DBT), Apache Airflow, Snowflake, Apache Spark, Oozie, Hadoop, Python, Amazon Web Services (AWS), Linux, Terraform, Communication, Public Speaking",Bachelor of Engineering,"DAYANANDA SAGAR ACADEMY OF TECHNOLOGY AND MANAGEMENT, BANGALORE","HashiCorp Certified Terraform Associate, AWS Partner: Accreditation (Business), AWS Partner: Accreditation (Technical), AWS Partner: Cloud Economics Accreditation, AWS Certified SysOps Administrator – Associate, AWS Certified Solutions Architect – Associate",Bengaluru,Karnataka,India,data_engineers
Data Engineer,IBM,6.8,"ADB, Talend Open Studio, Microsoft SQL Server, Azure Data Lake, Data Mining, Data Warehousing, Databases, SQL, PL/SQL, SQL Server Reporting Services (SSRS), SQL Server Integration Services (SSIS), Microsoft Power BI, docker, Azure Key Vault, Azure Databricks, SQL Server Analysis Services (SSAS), MultiDimensional eXpressions (MDX), DAX",B. tech,"Veer Bahadur Singh Purvanchal University, Jaunpur","Microsoft Certified: Azure AI Fundamentals, Azure Fundamental, SQL",Bengaluru,Karnataka,India,data_engineers
Data Engineer,Ericsson,4.1,"Informatica Cloud, MLOps, Natural Language Processing (NLP), SQL, PySpark, Streamlit, Snowflake Cloud, Amazon S3, Data Analysis, Project Management, Python (Programming Language), MATLAB, Simulink, PSpice, Verilog, Research",Bachelor's degree,Manipal Institute of Technology,"An Introduction to Interactive Programming in Python (Part 1), An Introduction to Interactive Programming in Python (Part 2), Principles of Computing (Part 1), Foundations of Project Management, Introduction to Programming with MATLAB, Programming for Everybody (Getting Started with Python)",Bengaluru,Karnataka,India,data_engineers
Software Engineer,Microsoft,7.6,"Research, Programming, MySQL, Microsoft Azure, Azure Data Factory, SQL, Python, Pyspark, Management, Leadership, Public Speaking, SAP HANA, Azure data fundamentals",Bachelor of Technology (B.Tech.),KL University,"Microsoft Certified: Azure AI Fundamentals, Apache Spark programming with Databricks, AZ - 204 Azure Developer Associate , DP-201 Designing an Azure Data Solution, Microsoft Certified: Azure Data Engineer Associate, DP - 900 : Azure data fundamentals, DP-200 Implementing an Azure Data Solution, Microsoft Certified: Azure Fundamentals, Python, ORACLE, Ethical Hacking,IIT Hyderabad, Partner Training - Solutions Architect Essentials, Partner Training - Developer Essentials, Partner Training - Developer Foundations",,Andhra Pradesh,India,data_engineers
IT Solutions Delivery Specialist,"Itron, Inc.",8.6,"SQL, Extract, Transform, Load (ETL), Azure Data Factory, Azure Databricks, PySpark, M365, Microsoft SQL Server, Oracle SQL Developer, OBIEE, Snaplogic, RPD, Oracle Analytics Cloud (OAC), Microsoft Power BI, Microsoft Excel, Computer Networking, Data Visualization, Linux System Administration, Cloud Computing, Spreadsheets, Network Administration, PostgreSQL, Microsoft Office, Visual Basic for Applications (VBA), Amazon Web Services (AWS), MySQL, linux, Python, Team Leadership, Multitasking, Networking, Macro, Amazon EC2, Cloud Development, DAX",Bachelor of Technology (B.Tech.),PSIT Kanpur (Pranveer Singh Institute of Technology),"MS-900 Microsoft 365 Certified: Fundamentals, Microsoft Certified: Azure Fundamentals, Become a Linux System Administrator, SQL Masterclass: SQL for Data Analytics, Learning Docker, Introduction To Cloud Migration Using Amazon Web Services, Alteryx Foundational Micro-Credential, SnapLogic Certified Enterprise Automation Professional",Bengaluru,Karnataka,India,data_engineers
Data Engineer,Lowe's India,6.9,"Python (Programming Language), Extract, Transform, Load (ETL), ETL Tools, Apache Spark, Hadoop, Hive",Bachelor of Engineering - BE,"Academy for Technical and Management Excellence, MYSORE",,Bengaluru,Karnataka,India,data_engineers
Senior Data Engineer,Visa,5.6,"Functional Programming, Code Review, Problem Solving, SQL, Linux, Software Development, Git, Scala, Databases, Systems Design, Data Structures, Python (Programming Language), React.js, Web Development, Android Development, HTML, Cascading Style Sheets (CSS), JavaScript, Java, C (Programming Language), Rasa Platform, GitHub, Flask, Web Applications",Bachelor of Technology - BTech,"KJ Somaiya College of Engineering, Vidyavihar","Triplebyte Certified Generalist Software Engineer, JPMC's Software Engineering Virtual Experience",Bengaluru,Karnataka,India,data_engineers
Data Engineer,Fractal,3.4,"PySpark, Azure Databricks, Google BigQuery, Microsoft Power BI, SAP BW On HANA, SAP BW, SQL, Python (Programming Language), Microsoft Excel, Team Leadership, Team Management",Bachelor of Technology - BTech,VIT_Vellore Institute of Technology ,"Gen AI, SAP Data Intelligence, Data Science Program",Bengaluru,Karnataka,India,data_engineers
Data Engineer,KPMG,8.3,"Elastic Stack (ELK), Pandas, Big Data, Data Engineering, PySpark, Cloudera, Continuous Integration and Continuous Delivery (CI/CD), Git, Jenkins, Red Hat Linux, Bash, Java, Python (Programming Language), Agile Methodologies, Gerrit, JIRA, Confluence, Mhweb, Linux, CI, Continuous Integration, python, NumPy, java, MySQL, SQL, Leadership, Tableau, Machine Learning, Hive, Hadoop",MSc,University of Mumbai,"Modernizing Data Lakes and Data Warehouses with Google Cloud, Convolutional Neural Networks in TensorFlow, Introduction to TensorFlow for Artificial Intelligence, Machine Learning, and Deep Learning, Tableau Prep Builder, Data Analysis Using Python, Data Visualization Using Python, Tableau Desktop-I Fundamentals, Google Cloud Platform Big Data and Machine Learning Fundamentals, Machine Learning Foundations: A Case Study Approach, Neural Networks and Deep Learning, Databricks Certified Data Engineer Associate, Databricks Certified Associate Developer for Apache Spark 3.0, Academy Accreditation - Databricks Lakehouse Fundamentals",Bengaluru,Karnataka,India,data_engineers
Data Analyst,KPMG,2.1,"SQL, Entrepreneurship, Business Analysis, Business Strategy, Business Ethics, Profession Ethics, Snowflake Cloud, PySpark, Microsoft Power BI, Data Analysis, Reporting, KPI Dashboards, Power BI service, Data Science, Visualization Software, Data Mining, Written Communication, Analytics, Report Preparation, Presentation Design, Visualization, Data Integration, Communication, Data Warehousing, Tableau, Analytical Skills, Informatica, Extract, Transform, Load (ETL), Query Optimization, Data Modeling, Indexing, window functions, pivots in SQL, MySQL, Python (Programming Language), SQL (Intermediate) -includes complex joins, unions, and sub-queries, Microsoft SQL Server, Excel Dashboards",Bachelor's degree,RV College Of Engineering,"Academy Accreditation - Databricks Fundamentals, Cambridge Entrepreneurial Mindset Program, Microsoft Certified: Power BI Data Analyst Associate, Python  , SQL(Advanced), Tableau Certified, SQL(Intermediate) , SQL(Basic), Think SQL :Go from zero to Hero, Excel:Dashboard for Beginners, ETL Pipelines with informatica, The joy of computing using python",Bengaluru,Karnataka,India,data_engineers
Azure Data Engineer,Deloitte,4.4,"Azure Databricks, Microsoft Azure, PySpark, Azure Data Factory, Apache Spark, Microsoft Power BI, deltalake, Microsoft Power Automate, Microsoft Power Apps, Python (Programming Language), Stored Procedures, Azure Data Lake, Azure DevOps, SQL Azure, MySQL, Azure, Jira, Agile Environment, Databricks, Git, SQL Database, Extract, Transform, Load (ETL), Data Integration, Analytical Skills, Cloud Services, RDBMS, Big Data, Data Pipelines, Data Analytics, Computer Science, Visual Studio, SQL Server Integration Services (SSIS), Cloud Computing, Database Development, Azure Key Vault, Data Warehousing, Data Analysis, Microsoft SQL Server, Software Development Life Cycle (SDLC), Transact-SQL (T-SQL), Interpersonal Communication, Databases, Software Development, SQL, Data Engineering, DevOps, SSMS, SQL Server Management Studio, ETL, GitHub",Master of Computer Applications - MCA,Jain (Deemed-to-be University),"Databricks Certified Data Engineer Associate, Microsoft Certified: Azure Data Fundamentals, Microsoft Certified: Azure Fundamentals, Academy Accreditation - Databricks Lakehouse Fundamentals, Microsoft Certified: Azure Data Engineer Associate",Bengaluru,Karnataka,India,data_engineers
Data Engineer,Accenture,7.0,"Tableau, Snowflake, Amazon Web Services (AWS), Databricks, PySpark, Python, Java, MySQL, Project Management, C++, JavaScript, Microsoft Office, Microsoft Word, PHP, SQL, Spring MVC, Hibernate, Microsoft Excel, Management, Leadership, Team Management, Jira, Confluence, putty, teradata, snowflake, Cognos, IBM Cognos Analytics",Bachelor of Engineering - BE,Dayananda Sagar Institutions,,Bengaluru,Karnataka,India,data_engineers
Data Engineer,Fidelity Investments,5.0,"Data Models, Stored Procedures, Written Communication, Dashboards, Angular CLI, Talend, Microsoft Power BI, MongoDB, Data Analytics, PL/SQL, Oracle Database, Snowflake, SQL, Informatica, Data Analysis, Statistical Data Analysis, HTML, Python (Programming Language), R (Programming Language), C (Programming Language)",Bachelor of Technology - BTech,"Amrita School of Engineering, Bangalore","Learning Java, Machine Learning, HTML Essential Training, Learning R, Python Essential Training, AWS Academy Graduate - AWS Academy Cloud Foundations, SQL Masterclass: SQL for Data Analytics",Bengaluru,Karnataka,India,data_engineers
Senior Data Engineer,Fractal,9.2,"System Performance, Computer Science, Oracle Database, Data Models, Data Integrity, Machine Tool Selection, Metadata, Data Governance, Business Analysis, Data Engineering, Data Modeling, Critical Thinking, Python (Programming Language), Unix, Data Analysis, Data Conversion, Data Integration, RDBMS, Communication, Problem Solving, Databases, Data Warehousing, Extract, Transform, Load (ETL), ETL Tools, DataStage, Ibm datastage, PL/SQL, Oracle SQL Developer, SQL, Microsoft SQL Server, Scrum, Agile Methodologies, Software Development, SQL Server Integration Services (SSIS), Performance Tuning, Unit Testing, Business Intelligence (BI), SQL Server Management Studio",Bachelor of Technology - BTech,University of Kerala,,Bengaluru,Karnataka,India,data_engineers
Data Engineer,IBM,10.3,"IBM Watson, Query surge, Pydat, GitHub, Continuous Integration and Continuous Delivery (CI/CD), Apache Sqoop, Data Warehousing, Artificial Intelligence (AI), Big Data Analytics, Data Migration, Microsoft Azure, Qtest, Jira, Apache Spark, Hive, Azure db, Microsoft Power BI, Python (Programming Language), Telecommunications, GSM, 3G, Agile Methodologies, Big Data, Hadoop, HIVE, HBase, Cloudera, Graphx, IBM Db2, SQL",Bachelor of Engineering (B.E.),"Islamiah Inst. of Technology, BANGALORE","Microsoft Certified: Azure Fundamentals, IBM Agile Explorer, Insurance Industry Foundations",Bengaluru,Karnataka,India,data_engineers
Data Engineer - Scale 1 officer,Karnataka Bank,3.8,"Data Pipelines, PySpark, Data Models, Data Ingestion, Business Communications, DDL, Python (Programming Language), Microsoft Excel, Defining Requirements, Requirements Gathering, Microsoft Power Apps, Plain English, Data Visualization, Code Review, Data Analytics, PL/SQL, Unix, Unstructured Data, Troubleshooting, Oral Communication, Teamwork, Shell Scripting, HQL, Data Engineering, Databases, Agile Project Management, Extract, Transform, Load (ETL), Business Intelligence (BI), Email Etiquette, SQL Server Analysis Services (SSAS), SQL Server Reporting Services (SSRS), Google Cloud Platform (GCP), SQL, Data Warehousing, US Healthcare, DataStage, ETL Tools, Hadoop, Hive, Data Analysis, Big Data, SQL Server Integration Services (SSIS), C (Programming Language), Microsoft SQL Server, Microsoft PowerPoint, MySQL, Agile Methodologies, English, Communication, Analytical Skills, Presentations, Problem Solving, Management, Leadership",Bachelor of Engineering - BE,JSS SCIENCE AND TECHNOLOGY UNIVERSITY,"Infosys Certified GCP Cloud Data Associate , Infosys Certified Google Associate Cloud Engineer , Infosys Certified Microsoft SSIS Developer , Infosys Global Agile Developer Certification , Infosys Certified Business Intelligence Associate ",Mysore,Karnataka,India,data_engineers
Senior Associate,PwC Acceleration Centers,9.5,"Extract, Transform, Load (ETL), Microsoft Office, Customer Service, Microsoft Excel, Management, Microsoft Word, PowerPoint, Public Speaking, Research, Project Management, Leadership, Engineering, Project Planning, Strategic Planning, English, C, HTML, AutoCAD, Adobe Photoshop, HTML5, CSS3, JavaScript, Informatica, Data Warehousing, SQL, Powershell, Business-to-Business (B2B), mft, b2b dx",B.Tech,KIIT University,"Migrating to Google Cloud, Reliable Google Cloud Infrastructure: Design and Process, Elastic Google Cloud Infrastructure: Scaling and Automation, Essential Google Cloud Infrastructure: Core Services, Essential Google Cloud Infrastructure: Foundation, Google Cloud Fundamentals: Core Infrastructure, AMCAT Certified Proficiency in English, AMCAT Certified in English Comprehension, AMCAT Certified in English Comprehension, AMCAT Certified Business Analyst, AMCAT Certified Business Analyst, AMCAT Certified Business Consultant, AMCAT Certified Customer Service Specialist, AMCAT Certified Data Processing Specialist, AMCAT Certified Data Processing Specialist, AMCAT Certified Software Development Trainee",Bengaluru,Karnataka,India,data_engineers
Data Engineer,Eli Lilly and Company,4.8,"AWS Glue, DBeaver, Airflow, Stored Procedures, Amazon Redshift, Git, REST APIs, ETL Tools, Snowflake, XML, XML Schema Definition (XSD), Veeva Vault, PostgreSQL, Informatica Cloud, Data Integration, Oracle SQL Developer, Unix, R33, R36, IICS, CAI, Application integration, Data Migration, Interpersonal Skills, Communication, aws cloud, Cloud Services, Cloud Computing, Amazon Web Services (AWS), Amazon Relational Database Service (RDS), Amazon EC2, Amazon S3, AWS Lambda, Data Warehousing, Informatica PowerCenter, PowerCenter, Extract, Transform, Load (ETL), Python (Programming Language), Informatica, SQL",Bachelor's degree,"Indira Gandhi Institute of Technology (IGIT), Sarang","AWS Certified Cloud Practitioner, SQL(Basic), SQL(Intermediate)",Bengaluru,Karnataka,India,data_engineers
Data Engineer,A.P. Moller - Maersk,6.9,"Data Engineering, Extract, Transform, Load (ETL), Dremio, PySpark, Microsoft Fabric, Python (Programming Language), Azure Databricks, Azure Data Lake, Azure Data Factory, java, Java Database Connectivity (JDBC), HTML5, Cascading Style Sheets (CSS), C, C++, JavaScript, MySQL, Usability Testing, Manual Testing, Accessibility Testing, Microsoft Azure, Cloud Computing, Microsoft Power BI, Microsoft Power Automate, Azure Key Vault, Azure Active Directory, Azure Kubernetes Service (AKS), Azure Functions, Azure Logic Apps, Azure DevOps, Visual Studio, Microsoft Visual Studio Code, Azure Data Studio, Virtual Machines, Microsoft SQL Server, PostgreSQL, Azure Cosmos DB, SQL, SQL Azure",BTech - Bachelor of Technology,Banasthali Vidyapith,"Microsoft Certified Azure Data Fundamentals, Microsoft Certified Azure Fundamentals, Trusted Tester V5 Certification, certificate in java",Bengaluru,Karnataka,India,data_engineers
Project Lead,Persistent Systems,10.7,"Data bricks , Quick etl, Python (Programming Language), Apache Kafka, Apache Airflow, Yarn, PySpark, Cassandra, Apache Spark, Scala, HBase, Hive, Apache Sqoop, Linux, MapReduce, Hadoop, Talend, TAC, Data Warehousing, talend developer, Java, VBScript, Data Structures, SQL, MySQL",Bachelor of Engineering - BE,"Devi Ahilya Vishwavidyalaya, Indore","Talend Data Integration v7 Certified Developer, Gold Certified Engineer, Platinum Certified Engineer, Silver Certified Engineer",Bengaluru,Karnataka,India,data_engineers
Senior Data Scientist,CGI,5.1,"Docker Products, Big Data, Apache Airflow, Kubernetes, AWS Lambda, mango db, Amazon Redshift, PyTorch, Apache Spark, MLOps, Amazon Web Services (AWS), Deep Learning, Computer Vision, and NLP, Azure cloud technologies, Scikit-learn framework , synapse, Microsoft Fabric, Microsoft Power BI, Azure Logic Apps, Azure Functions, Azure Data Lake, Azure Databricks, Azure Data Factory, Azure SQL, Microsoft Azure, Tableau, MongoDB, SQL, Data Maintenance, Data Loading, Python (Programming Language), Extract, Transform, Load (ETL), PySpark, PL/SQL, Jira",Bachelor's degree,Jawaharlal Nehru Technological University Kakinada (JNTUK),,Bengaluru,Karnataka,India,data_engineers
Senior Data Engineer,Zeotap,6.2,"Software Development, Databases, Google Cloud Platform (GCP), Amazon Web Services (AWS), Apache Camel, SQL, Graph Databases, Big Data, Apache Airflow, Java, Scala, Apache Spark",B.Tech,Banasthali Vidyapith,,Bengaluru,Karnataka,India,data_engineers
Data Engineer,Fractal,8.3,"Data Quality, DAX, Documentation, Computer Science, Communication, Data Marts, Analytics, Data Visualization, Data Pipelines, Data Analysis, Data Modeling, Data Analytics, Data Warehousing, Automation, Data Engineering, ETL Tools, Extract, Transform, Load (ETL), Data Integration, Microsoft Azure, Azure Logic Apps, Azure Key Vault, Spark sql, PySpark, Azure Data Lake, Azure Databricks, Azure Data Factory, Microsoft Power BI, Microsoft SQL Server, SQL Server Analysis Services (SSAS), Data Structures, Business Intelligence (BI), C++, SQL, C, SQL Server Integration Services (SSIS), Databases, Operating Systems, Azure DevOps",Master of Computer Applications - MCA,NIT Trichy,,Bengaluru,Karnataka,India,data_engineers
Data Engineer,Prophecy,9.1,"Apache Spark, Hadoop, SQL, Big Data, Apache Kafka, Python, Extract, Transform, Load (ETL), Apache Flink, Cassandra, Hive, Amazon Web Services (AWS), Data Structures, Programming, C, Algorithms, Shell Scripting, Android Development, OOP, C++, Linux, HTML, Java, XML, MySQL, Windows, Operating Systems, java script, Scala, HBase, Apache Sqoop, Django, Grafana, Cascading Style Sheets (CSS), ElasticSearch, Docker, Kibana, Datadog, PagerDuty, Google BigQuery, Python (Programming Language), C (Programming Language), JSON, Googling, Azkaban, Play Framework, Django restframework, Datastax studio, Git, Apache Airflow, Continuous Integration and Continuous Delivery (CI/CD)",Master of Computer Applications (M.C.A.),Motilal Nehru National Institute Of Technology,,Bengaluru,Karnataka,India,data_engineers
Consultant,Capgemini,4.7,"Data Manipulation, DDL, Communication, Documentation, Problem Solving, Apache Spark, Scala, Hive, Hadoop, SQL, Object-Oriented Programming (OOP), Java, Database Management System (DBMS), C (Programming Language), Team Management",B.tech,"Shri Vaishnav Vidyapeeth Vishwavidyalaya, Indore","Big Data Engineer master's program, The complete Java certification course, SQL basic , Scala & functional programming for Beginners",Bengaluru,Karnataka,India,data_engineers
Senior Consultant,Virtusa,8.4,"Scala, BMC Control-M, Linux, Bigdata, Redshift, Apache Spark, Big Data Analytics, SQL Tuning, Python (Programming Language), Computer Science, Data Collection, PySpark, Shell Scripting, SQL, Big Data, Amazon Web Services (AWS), Data Analysis, Digital Media, Data Warehousing, Extract, Transform, Load (ETL), Research, Business Analysis, Business Intelligence (BI), Unix, Microsoft Excel, Microsoft Office, MySQL, Communication, Management, Public Speaking, Leadership, Teradata, MicroStrategy",Bachelor of Engineering - BE,"chhatrapati shivaji institute of technology,durg",,Bengaluru,Karnataka,India,data_engineers
Data Engineer,ANZ,6.3,"Python (Programming Language), Google Cloud Platform (GCP), Looker, SQL, Snowflake Cloud, C (Programming Language)",Bachelor of Technology - BTech,"Kalinga Institute of Industrial Technology, Bhubaneswar",Associate Cloud Engineer,Bengaluru,Karnataka,India,data_engineers
SDE2,Solutionec,5.9,"Adf, SQL, CDI, Iics, Informatica Cloud, Data Integration",,,,Bengaluru,Karnataka,India,data_engineers
Data Engineer 2 -  NZ Data,ANZ,4.2,"Teradata, BMC Control-M, Atlassian Bamboo, Airflow, dbt, Extract, Transform, Load (ETL), Data Warehousing, Java, Selenium, Jenkins, Regression Testing, C (Programming Language), Python (Programming Language), Android Development, Machine Learning, Kotlin, C++, HTML5, Cascading Style Sheets (CSS), Programming, Adobe Illustrator, Web Development, Adobe Photoshop, JavaScript, SQL, Database Management System (DBMS), SQLite, Video Editing, Neural Networks",Bachelor of Technology - BTech,Jaypee University of Engineering and Technology,"Astronomer Certification for Apache Airflow 3 Fundamentals, Element of A.I, Advanced Data Science with IBM Specialization , Advanced Machine Learning and Signal Processing, Applied AI with DeepLearning, Algorithmic Toolbox, Machine learning, Fundamentals of digital marketing ",Bengaluru,Karnataka,India,data_engineers
Senior Data Engineer,Nike,6.7,"Analytical Skills, Enterprise Data Warehouses (EDW), Data Transformation, Data Modeling, Data Mining, Data Warehousing, Data Extraction, Business Reviews, Engineering, Data Analytics, Automation, Scripting, Test Automation, lua, Manual Testing, IPS, Security Patch Management, Antivirus, Data Analysis, Pandas (Software), MySQL",Bachelor of Technology - BTech,Chitkara University,"Databricks Certified Data Analyst Associate, SQL (Intermediate), SQL (Basic), Learning Data Analytics, MySQL Essential Training, pandas Essential Training, Academy Accreditation - Databricks Lakehouse Fundamentals",Bengaluru,Karnataka,India,data_engineers
Data Engineer,EY,5.5,"Unity Catalog, Unity Catalog Upgrade, Lang Chain, ML model development - tools and technologies, Model experimentation, Model monitoring - Deterministic and probabilistic AI, Prompt evaluation and fine tuning, Alation, Data Governance, Delta Lake , Databricks Lakehouse,  Delta Live Tables, Data Pipelines,  Python,  Production, Lakehouse, Databricks machine learning, Databricks SQL , Delta lake Security, Scaled Agile Framework, Scrum, Kanban, Agile Project Management, Azure Data Factory, Databricks, Microsoft SQL Server, Python , Data Vault, Azure DevOps, Apache Spark, Azure Databricks, ETL, CI/CD, Python (Programming Language), Microsoft Azure, PySpark, Microsoft Power BI, Big Data, Big Data Analytics, Python, Hadoop, Data Analysis, C, C++, Java, HTML, CSS, MySQL, SQL, Unix, Leadership, Talend",Bachelor of Engineering,CHANDIGARH UNIVERSITY,"Academy Accreditation - Generative AI Fundamentals, UC Upgrade Delivery Specialization, Partner Training - Advantages of Being GTM Ready and the Art of the Possible, EY Artificial Intelligence - AI Engineering - Bronze, Databricks Certified Data Engineer Associate,  EY Innovation - Agile, HackerRank Certified Java(Basic), Machine Learning, HackerRank Certified Problem Solving(Basic), Artificial Intelligence Analyst - Explorer Award 2019, Artificial Intelligence Analyst - Mastery Award 2019, Predictive Analytics Modeler - Explorer Award 2018, Big Data Engineer - Explorer Award for Students 2018, Big Data Engineer - Mastery Award for Students 2018, Business Intelligence Analyst - Explorer Award for Students 2018, Databricks Lakehouse Fundamentals",Bengaluru,Karnataka,India,data_engineers
Data Engineer,IBM,2.4,"Data Modeling, Data Extraction, Debugging, Multitasking, Defining Requirements, Object Oriented Design, Attention to Detail, Critical Thinking, Active Listening, Backup & Recovery Systems, Logical Reasoning, Passionate about Work, C#, Best Trainee Experience - Happiness Barometer, Cascading Style Sheets (CSS), Presentations, Presentation Skills, GitHub, Web Applications, Programming, Computer Science, Skill Development, Spring Boot, Core Java, Project Leadership, Interpersonal Skills, Software Development, Teamwork, Java, Database Management System (DBMS), Communication, CSS basic, Computer Networking, Object-Oriented Programming (OOP), MySQL, Machine Learning, HTML, Problem Solving, C (Programming Language), Python (Programming Language), SQL",Bachelor of Engineering - BE,VIDYA VIKAS INSTITUTE OF ENGINEERING AND TECHNOLOGY,"SQL BASIC, Hackathon, Software Engineering Virtual Intern, Flipkart GRiD 5.0 - Software Development Track, Introduction to Programming Using Python",Bengaluru,Karnataka,India,data_engineers
Abinitio Consultant,IBM,5.9,"Ab Initio, SQL, C, Unix, Data Analysis, Oracle Database, IBM Mainframe, IBM Tivoli Workload Scheduler (TWS), Data Integration, Informatica, DataStage, Microsoft Office, Microsoft Excel, Data Warehousing",Bachelor's degree,Heritage Institute of Technology,"AWS Certified Cloud Practitioner, Big Data Foundations - Level 1, Cognitive Practitioner, Python for Data Science",Bengaluru,Karnataka,India,data_engineers
Senior Data Engineer,Google,10.5,"Amazon Web Services (AWS), Quantitative Analytics, Data Integrity, Technical Design, Requirements Gathering, Quality Assurance, Problem Solving, Communication, Subject Matter Experts, Scope Management, Data Lakes, NoSQL, Business Intelligence (BI), Data Interpretation, Data Quality, Data Profiling, Data Analytics, Data Governance, Systems Design, Query Optimization, Optimization, Data Manipulation, Computer Science, Data Engineering, Amazon QuickSight, Amazon Redshift, SQL, Data Analysis, Data Visualization, Data Warehousing, Data Mining, Automation, Data Structures, Performance Tuning, Agile Methodologies, Extract, Transform, Load (ETL), Database Design, Data Modeling, Requirements Analysis, Scrum, Data Science, Machine Learning, Artificial Intelligence (AI), Statistical Data Analysis, scrum, C, C++, Tableau, Python, Java, R, Git, Visual Basic .NET (VB.NET), Leadership, Teamwork, Management, Self Learning, Sprints",MTech,"Birla Institute of Technology and Science, Pilani",Learning Jira (Cloud Edition),Bengaluru,Karnataka,India,data_engineers
Data Engineer,Myntra,7.4,"Azure Databricks, Database Management System (DBMS), SQL, Azure Data Factory, Data Structures, Social Media, Marketing, Python (Programming Language), Java, Flutter, C (Programming Language), MS SQL, Problem Solving, Teamwork, Communication",Bachelor of Technology - BTech,Manipal University Jaipur,"Databricks Certified Data Engineer Associate, Microsoft Certified: Azure Fundamentals, Microsoft Certified : Azure Data Engineer Associate ",Bengaluru,Karnataka,India,data_engineers
Senior Associate,PwC India,7.4,"Hadoop, Continuous Integration and Continuous Delivery (CI/CD), Data Lakes, Data Warehousing, Databases, PL/SQL, Extract, Transform, Load (ETL), Design Thinking, Apache Spark, Hive, PySpark, Data Engineering, Scripting, Methodology, Amazon Web Services (AWS), Lists, Data Cleaning, Big Data, Unit Testing, Communication, python, SQL, Microsoft Azure, Agile Methodologies, Project Management, Lean Six Sigma, Data Analysis, Risk Management, Analytical Skills, Analytics, Microsoft Excel, Tableau, Cascading Style Sheets (CSS), AngularJS, JavaScript, C++, Azure Data Factory, Azure Databricks, Azure Data Lake, Microsoft Power BI, Python (Programming Language), Time Management, Problem Solving, Data Analytics, Document Creation, MySQL",Bachelor of Technology - BTech,"Vellore Institute of Technology, Vellore",Lean Six Sigma Green Belt Certification,Bengaluru,Karnataka,India,data_engineers
Data engineer 2,McKinsey & Company,6.5,"Data Lakes, Data Storage, Data Structures, MySQL, Performance Based Design, System Performance, Performance Tuning, System Requirements, Optimization, Microsoft SQL Server, Problem Solving, IT Integration, Programming, Agile & Waterfall Methodologies, Cloud Applications, Data Processing, Databricks Products, Continuous Integration and Continuous Delivery (CI/CD), Microservices, Agile Methodologies, Object-oriented Languages, Database Design, Relational Databases, Data Modeling, SharePoint, Artificial Intelligence (AI), Data Integration, Data Pipelines, PySpark, Data Architecture, Cloud Computing, Cloud Services, Written Communication, Databases, Data Science, Data Warehousing, Data Engineering, Extract, Transform, Load (ETL), Apache Spark, Hadoop, Scala, Big Data, Systems Engineering, Web Technologies, Machine Learning, Hdfs, HBase, MapReduce, Microsoft Azure, HiveQL, Apache Sqoop, Python, Azure Databricks, Azure Data Factory, Azure Data Lake, Java, SQL, NoSQL, XML, JSON, Azure Kusto, Microsoft Power BI, Leadership, Management, Hive, Metadata, Data Analytics",Bachelor of Engineering,Gogte Institute of Technology,"Databricks Certified Data Engineer Associate, Databricks Certified Associate Developer for Apache Spark 3.0, Microsoft Certified: Azure Fundamentals, MTA: Introduction to Programming Using Python - Certified 2018, Microsoft Certified : Azure Data Engineer Associate",Bengaluru,Karnataka,India,data_engineers
